[{"request":{"action":"Action::\"PostNextAssignment\"","context":{},"principal":"Staff::\"5\"","resource":"Course::\"0\""},"result":"ALLOW"}
,{"request":{"action":"Action::\"PostNextAssignment\"","context":{},"principal":"Student::\"47\"","resource":"Course::\"0\""},"result":"DENY"}
,{"request":{"action":"Action::\"PostNextAssignment\"","context":{},"principal":"Student::\"29\"","resource":"Course::\"0\""},"result":"DENY"}
,{"request":{"action":"Action::\"PostNextAssignment\"","context":{},"principal":"Student::\"47\"","resource":"Course::\"0\""},"result":"DENY"}
,{"request":{"action":"Action::\"PostNextAssignment\"","context":{},"principal":"Student::\"47\"","resource":"Course::\"0\""},"result":"DENY"}
,{"request":{"action":"Action::\"EditAssignment\"","context":{},"principal":"Student::\"69\"","resource":"Assignment::\"0C0\""},"result":"DENY"}
,{"request":{"action":"Action::\"EditAssignment\"","context":{},"principal":"Student::\"29\"","resource":"Assignment::\"0C0\""},"result":"DENY"}
,{"request":{"action":"Action::\"GradeSubmission\"","context":{},"principal":"Staff::\"5\"","resource":"Assignment::\"0C0\""},"result":"ALLOW"}
,{"request":{"action":"Action::\"GradeSubmission\"","context":{},"principal":"Student::\"29\"","resource":"Assignment::\"0C0\""},"result":"DENY"}
,{"request":{"action":"Action::\"GradeSubmission\"","context":{},"principal":"Student::\"29\"","resource":"Assignment::\"0C0\""},"result":"DENY"}
,{"request":{"action":"Action::\"GradeSubmission\"","context":{},"principal":"Student::\"29\"","resource":"Assignment::\"0C0\""},"result":"DENY"}
,{"request":{"action":"Action::\"ViewGrades\"","context":{},"principal":"Student::\"67\"","resource":"Student::\"67\""},"result":"ALLOW"}
,{"request":{"action":"Action::\"ViewGrades\"","context":{},"principal":"Student::\"37\"","resource":"Student::\"6\""},"result":"DENY"}
,{"request":{"action":"Action::\"ViewGrades\"","context":{},"principal":"Student::\"0\"","resource":"Student::\"0\""},"result":"ALLOW"}
,{"request":{"action":"Action::\"ViewGrades\"","context":{},"principal":"Student::\"71\"","resource":"Student::\"71\""},"result":"ALLOW"}
,{"request":{"action":"Action::\"ViewGrades\"","context":{},"principal":"Student::\"98\"","resource":"Student::\"98\""},"result":"ALLOW"}
,{"request":{"action":"Action::\"ViewGrades\"","context":{},"principal":"Student::\"59\"","resource":"Student::\"59\""},"result":"ALLOW"}
,{"request":{"action":"Action::\"ViewGrades\"","context":{},"principal":"Student::\"5\"","resource":"Student::\"5\""},"result":"ALLOW"}
,{"request":{"action":"Action::\"ViewGrades\"","context":{},"principal":"Student::\"63\"","resource":"Student::\"63\""},"result":"ALLOW"}
,{"request":{"action":"Action::\"ViewGrades\"","context":{},"principal":"Staff::\"5\"","resource":"Assignment::\"0C0\""},"result":"ALLOW"}
,{"request":{"action":"Action::\"ViewGrades\"","context":{},"principal":"Student::\"30\"","resource":"Student::\"30\""},"result":"ALLOW"}
,{"request":{"action":"Action::\"ViewGrades\"","context":{},"principal":"Student::\"87\"","resource":"Student::\"87\""},"result":"ALLOW"}
,{"request":{"action":"Action::\"PostNextAssignment\"","context":{},"principal":"Staff::\"5\"","resource":"Course::\"0\""},"result":"ALLOW"}
,{"request":{"action":"Action::\"PostNextAssignment\"","context":{},"principal":"Student::\"47\"","resource":"Course::\"0\""},"result":"DENY"}
,{"request":{"action":"Action::\"PostNextAssignment\"","context":{},"principal":"Student::\"47\"","resource":"Course::\"0\""},"result":"DENY"}
,{"request":{"action":"Action::\"PostNextAssignment\"","context":{},"principal":"Student::\"29\"","resource":"Course::\"0\""},"result":"DENY"}
,{"request":{"action":"Action::\"PostNextAssignment\"","context":{},"principal":"Student::\"69\"","resource":"Course::\"0\""},"result":"DENY"}
,{"request":{"action":"Action::\"EditAssignment\"","context":{},"principal":"Student::\"29\"","resource":"Assignment::\"1C0\""},"result":"DENY"}
,{"request":{"action":"Action::\"EditAssignment\"","context":{},"principal":"Student::\"47\"","resource":"Assignment::\"1C0\""},"result":"DENY"}
,{"request":{"action":"Action::\"EditAssignment\"","context":{},"principal":"Student::\"29\"","resource":"Assignment::\"1C0\""},"result":"DENY"}
,{"request":{"action":"Action::\"EditAssignment\"","context":{},"principal":"Student::\"69\"","resource":"Assignment::\"1C0\""},"result":"DENY"}
,{"request":{"action":"Action::\"EditAssignment\"","context":{},"principal":"Student::\"29\"","resource":"Assignment::\"1C0\""},"result":"DENY"}
,{"request":{"action":"Action::\"GradeSubmission\"","context":{},"principal":"Student::\"47\"","resource":"Assignment::\"1C0\""},"result":"DENY"}
,{"request":{"action":"Action::\"GradeSubmission\"","context":{},"principal":"Student::\"47\"","resource":"Assignment::\"1C0\""},"result":"DENY"}
,{"request":{"action":"Action::\"GradeSubmission\"","context":{},"principal":"Student::\"29\"","resource":"Assignment::\"1C0\""},"result":"DENY"}
,{"request":{"action":"Action::\"GradeSubmission\"","context":{},"principal":"Student::\"69\"","resource":"Assignment::\"1C0\""},"result":"DENY"}
,{"request":{"action":"Action::\"GradeSubmission\"","context":{},"principal":"Staff::\"5\"","resource":"Assignment::\"1C0\""},"result":"ALLOW"}
,{"request":{"action":"Action::\"ViewGrades\"","context":{},"principal":"Student::\"97\"","resource":"Student::\"97\""},"result":"ALLOW"}
,{"request":{"action":"Action::\"ViewGrades\"","context":{},"principal":"Student::\"45\"","resource":"Student::\"45\""},"result":"ALLOW"}
,{"request":{"action":"Action::\"ViewGrades\"","context":{},"principal":"Student::\"16\"","resource":"Student::\"16\""},"result":"ALLOW"}
,{"request":{"action":"Action::\"ViewGrades\"","context":{},"principal":"Student::\"53\"","resource":"Student::\"53\""},"result":"ALLOW"}
,{"request":{"action":"Action::\"ViewGrades\"","context":{},"principal":"Student::\"16\"","resource":"Student::\"16\""},"result":"ALLOW"}
,{"request":{"action":"Action::\"ViewGrades\"","context":{},"principal":"Student::\"75\"","resource":"Student::\"75\""},"result":"ALLOW"}
,{"request":{"action":"Action::\"ViewGrades\"","context":{},"principal":"Student::\"82\"","resource":"Student::\"82\""},"result":"ALLOW"}
,{"request":{"action":"Action::\"ViewGrades\"","context":{},"principal":"Student::\"53\"","resource":"Student::\"53\""},"result":"ALLOW"}
,{"request":{"action":"Action::\"ViewGrades\"","context":{},"principal":"Student::\"64\"","resource":"Student::\"64\""},"result":"ALLOW"}
,{"request":{"action":"Action::\"ViewGrades\"","context":{},"principal":"Student::\"99\"","resource":"Student::\"99\""},"result":"ALLOW"}
,{"request":{"action":"Action::\"ViewGrades\"","context":{},"principal":"Staff::\"5\"","resource":"Assignment::\"1C0\""},"result":"ALLOW"}
,{"request":{"action":"Action::\"ViewGrades\"","context":{},"principal":"Student::\"92\"","resource":"Student::\"92\""},"result":"ALLOW"}
,{"request":{"action":"Action::\"ViewGrades\"","context":{},"principal":"Student::\"35\"","resource":"Student::\"35\""},"result":"ALLOW"}
,{"request":{"action":"Action::\"ViewGrades\"","context":{},"principal":"Student::\"99\"","resource":"Student::\"99\""},"result":"ALLOW"}
,{"request":{"action":"Action::\"ViewGrades\"","context":{},"principal":"Student::\"59\"","resource":"Student::\"59\""},"result":"ALLOW"}
,{"request":{"action":"Action::\"ViewGrades\"","context":{},"principal":"Student::\"74\"","resource":"Student::\"74\""},"result":"ALLOW"}
,{"request":{"action":"Action::\"PostNextAssignment\"","context":{},"principal":"Staff::\"5\"","resource":"Course::\"0\""},"result":"ALLOW"}
,{"request":{"action":"Action::\"PostNextAssignment\"","context":{},"principal":"Student::\"29\"","resource":"Course::\"0\""},"result":"DENY"}
,{"request":{"action":"Action::\"PostNextAssignment\"","context":{},"principal":"Student::\"29\"","resource":"Course::\"0\""},"result":"DENY"}
,{"request":{"action":"Action::\"PostNextAssignment\"","context":{},"principal":"Student::\"69\"","resource":"Course::\"0\""},"result":"DENY"}
,{"request":{"action":"Action::\"PostNextAssignment\"","context":{},"principal":"Student::\"69\"","resource":"Course::\"0\""},"result":"DENY"}
,{"request":{"action":"Action::\"EditAssignment\"","context":{},"principal":"Student::\"29\"","resource":"Assignment::\"2C0\""},"result":"DENY"}
,{"request":{"action":"Action::\"EditAssignment\"","context":{},"principal":"Student::\"29\"","resource":"Assignment::\"2C0\""},"result":"DENY"}
,{"request":{"action":"Action::\"EditAssignment\"","context":{},"principal":"Student::\"47\"","resource":"Assignment::\"2C0\""},"result":"DENY"}
,{"request":{"action":"Action::\"GradeSubmission\"","context":{},"principal":"Staff::\"5\"","resource":"Assignment::\"2C0\""},"result":"ALLOW"}
,{"request":{"action":"Action::\"ViewGrades\"","context":{},"principal":"Student::\"92\"","resource":"Student::\"92\""},"result":"ALLOW"}
,{"request":{"action":"Action::\"ViewGrades\"","context":{},"principal":"Staff::\"5\"","resource":"Assignment::\"2C0\""},"result":"ALLOW"}
,{"request":{"action":"Action::\"ViewGrades\"","context":{},"principal":"Student::\"37\"","resource":"Student::\"37\""},"result":"ALLOW"}
,{"request":{"action":"Action::\"ViewGrades\"","context":{},"principal":"Student::\"59\"","resource":"Student::\"59\""},"result":"ALLOW"}
,{"request":{"action":"Action::\"ViewGrades\"","context":{},"principal":"Student::\"77\"","resource":"Student::\"94\""},"result":"DENY"}
,{"request":{"action":"Action::\"ViewGrades\"","context":{},"principal":"Student::\"7\"","resource":"Student::\"7\""},"result":"ALLOW"}
,{"request":{"action":"Action::\"ViewGrades\"","context":{},"principal":"Student::\"83\"","resource":"Student::\"83\""},"result":"ALLOW"}
,{"request":{"action":"Action::\"ViewGrades\"","context":{},"principal":"Student::\"95\"","resource":"Student::\"95\""},"result":"ALLOW"}
,{"request":{"action":"Action::\"PostNextAssignment\"","context":{},"principal":"Staff::\"3\"","resource":"Course::\"1\""},"result":"ALLOW"}
,{"request":{"action":"Action::\"PostNextAssignment\"","context":{},"principal":"Student::\"88\"","resource":"Course::\"1\""},"result":"DENY"}
,{"request":{"action":"Action::\"PostNextAssignment\"","context":{},"principal":"Student::\"88\"","resource":"Course::\"1\""},"result":"DENY"}
,{"request":{"action":"Action::\"PostNextAssignment\"","context":{},"principal":"Student::\"55\"","resource":"Course::\"1\""},"result":"DENY"}
,{"request":{"action":"Action::\"PostNextAssignment\"","context":{},"principal":"Student::\"41\"","resource":"Course::\"1\""},"result":"DENY"}
,{"request":{"action":"Action::\"EditAssignment\"","context":{},"principal":"Student::\"55\"","resource":"Assignment::\"0C1\""},"result":"DENY"}
,{"request":{"action":"Action::\"EditAssignment\"","context":{},"principal":"Student::\"17\"","resource":"Assignment::\"0C1\""},"result":"DENY"}
,{"request":{"action":"Action::\"EditAssignment\"","context":{},"principal":"Student::\"65\"","resource":"Assignment::\"0C1\""},"result":"DENY"}
,{"request":{"action":"Action::\"EditAssignment\"","context":{},"principal":"Student::\"6\"","resource":"Assignment::\"0C1\""},"result":"DENY"}
,{"request":{"action":"Action::\"GradeSubmission\"","context":{},"principal":"Student::\"8\"","resource":"Assignment::\"0C1\""},"result":"DENY"}
,{"request":{"action":"Action::\"GradeSubmission\"","context":{},"principal":"Staff::\"3\"","resource":"Assignment::\"0C1\""},"result":"ALLOW"}
,{"request":{"action":"Action::\"ViewGrades\"","context":{},"principal":"Student::\"28\"","resource":"Student::\"56\""},"result":"DENY"}
,{"request":{"action":"Action::\"ViewGrades\"","context":{},"principal":"Student::\"24\"","resource":"Student::\"17\""},"result":"DENY"}
,{"request":{"action":"Action::\"ViewGrades\"","context":{},"principal":"Student::\"84\"","resource":"Student::\"84\""},"result":"ALLOW"}
,{"request":{"action":"Action::\"ViewGrades\"","context":{},"principal":"Student::\"8\"","resource":"Student::\"8\""},"result":"ALLOW"}
,{"request":{"action":"Action::\"ViewGrades\"","context":{},"principal":"Staff::\"11\"","resource":"Assignment::\"0C1\""},"result":"ALLOW"}
,{"request":{"action":"Action::\"ViewGrades\"","context":{},"principal":"Student::\"69\"","resource":"Student::\"69\""},"result":"ALLOW"}
,{"request":{"action":"Action::\"ViewGrades\"","context":{},"principal":"Student::\"11\"","resource":"Student::\"11\""},"result":"ALLOW"}
,{"request":{"action":"Action::\"ViewGrades\"","context":{},"principal":"Student::\"73\"","resource":"Student::\"73\""},"result":"ALLOW"}
,{"request":{"action":"Action::\"ViewGrades\"","context":{},"principal":"Student::\"10\"","resource":"Student::\"10\""},"result":"ALLOW"}
,{"request":{"action":"Action::\"ViewGrades\"","context":{},"principal":"Student::\"48\"","resource":"Student::\"0\""},"result":"DENY"}
,{"request":{"action":"Action::\"ViewGrades\"","context":{},"principal":"Staff::\"3\"","resource":"Assignment::\"0C1\""},"result":"ALLOW"}
,{"request":{"action":"Action::\"ViewGrades\"","context":{},"principal":"Student::\"18\"","resource":"Student::\"90\""},"result":"DENY"}
,{"request":{"action":"Action::\"ViewGrades\"","context":{},"principal":"Student::\"61\"","resource":"Student::\"61\""},"result":"ALLOW"}
,{"request":{"action":"Action::\"ViewGrades\"","context":{},"principal":"Student::\"44\"","resource":"Student::\"44\""},"result":"ALLOW"}
,{"request":{"action":"Action::\"PostNextAssignment\"","context":{},"principal":"Staff::\"3\"","resource":"Course::\"1\""},"result":"ALLOW"}
,{"request":{"action":"Action::\"PostNextAssignment\"","context":{},"principal":"Student::\"6\"","resource":"Course::\"1\""},"result":"DENY"}
,{"request":{"action":"Action::\"PostNextAssignment\"","context":{},"principal":"Student::\"65\"","resource":"Course::\"1\""},"result":"DENY"}
,{"request":{"action":"Action::\"EditAssignment\"","context":{},"principal":"Staff::\"3\"","resource":"Assignment::\"1C1\""},"result":"ALLOW"}
,{"request":{"action":"Action::\"EditAssignment\"","context":{},"principal":"Student::\"17\"","resource":"Assignment::\"1C1\""},"result":"DENY"}
,{"request":{"action":"Action::\"GradeSubmission\"","context":{},"principal":"Student::\"6\"","resource":"Assignment::\"1C1\""},"result":"DENY"}
,{"request":{"action":"Action::\"GradeSubmission\"","context":{},"principal":"Student::\"82\"","resource":"Assignment::\"1C1\""},"result":"DENY"}
,{"request":{"action":"Action::\"GradeSubmission\"","context":{},"principal":"Staff::\"3\"","resource":"Assignment::\"1C1\""},"result":"ALLOW"}
,{"request":{"action":"Action::\"ViewGrades\"","context":{},"principal":"Student::\"28\"","resource":"Student::\"88\""},"result":"DENY"}
,{"request":{"action":"Action::\"ViewGrades\"","context":{},"principal":"Student::\"11\"","resource":"Student::\"11\""},"result":"ALLOW"}
,{"request":{"action":"Action::\"ViewGrades\"","context":{},"principal":"Student::\"56\"","resource":"Student::\"56\""},"result":"ALLOW"}
,{"request":{"action":"Action::\"ViewGrades\"","context":{},"principal":"Student::\"28\"","resource":"Student::\"28\""},"result":"ALLOW"}
,{"request":{"action":"Action::\"ViewGrades\"","context":{},"principal":"Student::\"91\"","resource":"Student::\"91\""},"result":"ALLOW"}
,{"request":{"action":"Action::\"ViewGrades\"","context":{},"principal":"Student::\"76\"","resource":"Student::\"69\""},"result":"DENY"}
,{"request":{"action":"Action::\"ViewGrades\"","context":{},"principal":"Student::\"36\"","resource":"Student::\"36\""},"result":"ALLOW"}
,{"request":{"action":"Action::\"ViewGrades\"","context":{},"principal":"Student::\"18\"","resource":"Student::\"18\""},"result":"ALLOW"}
,{"request":{"action":"Action::\"ViewGrades\"","context":{},"principal":"Staff::\"11\"","resource":"Assignment::\"1C1\""},"result":"ALLOW"}
,{"request":{"action":"Action::\"ViewGrades\"","context":{},"principal":"Staff::\"3\"","resource":"Assignment::\"1C1\""},"result":"ALLOW"}
,{"request":{"action":"Action::\"ViewGrades\"","context":{},"principal":"Student::\"46\"","resource":"Student::\"46\""},"result":"ALLOW"}
,{"request":{"action":"Action::\"ViewGrades\"","context":{},"principal":"Student::\"93\"","resource":"Student::\"93\""},"result":"ALLOW"}
,{"request":{"action":"Action::\"ViewGrades\"","context":{},"principal":"Student::\"93\"","resource":"Student::\"12\""},"result":"DENY"}
,{"request":{"action":"Action::\"PostNextAssignment\"","context":{},"principal":"Staff::\"3\"","resource":"Course::\"1\""},"result":"ALLOW"}
,{"request":{"action":"Action::\"EditAssignment\"","context":{},"principal":"Student::\"81\"","resource":"Assignment::\"2C1\""},"result":"DENY"}
,{"request":{"action":"Action::\"GradeSubmission\"","context":{},"principal":"Student::\"6\"","resource":"Assignment::\"2C1\""},"result":"DENY"}
,{"request":{"action":"Action::\"GradeSubmission\"","context":{},"principal":"Student::\"57\"","resource":"Assignment::\"2C1\""},"result":"DENY"}
,{"request":{"action":"Action::\"GradeSubmission\"","context":{},"principal":"Staff::\"3\"","resource":"Assignment::\"2C1\""},"result":"ALLOW"}
,{"request":{"action":"Action::\"GradeSubmission\"","context":{},"principal":"Student::\"65\"","resource":"Assignment::\"2C1\""},"result":"DENY"}
,{"request":{"action":"Action::\"ViewGrades\"","context":{},"principal":"Student::\"95\"","resource":"Student::\"95\""},"result":"ALLOW"}
,{"request":{"action":"Action::\"ViewGrades\"","context":{},"principal":"Student::\"94\"","resource":"Student::\"94\""},"result":"ALLOW"}
,{"request":{"action":"Action::\"ViewGrades\"","context":{},"principal":"Student::\"63\"","resource":"Student::\"63\""},"result":"ALLOW"}
,{"request":{"action":"Action::\"ViewGrades\"","context":{},"principal":"Student::\"29\"","resource":"Student::\"41\""},"result":"DENY"}
,{"request":{"action":"Action::\"ViewGrades\"","context":{},"principal":"Staff::\"3\"","resource":"Assignment::\"2C1\""},"result":"ALLOW"}
,{"request":{"action":"Action::\"ViewGrades\"","context":{},"principal":"Student::\"1\"","resource":"Student::\"1\""},"result":"ALLOW"}
,{"request":{"action":"Action::\"ViewGrades\"","context":{},"principal":"Student::\"61\"","resource":"Student::\"61\""},"result":"ALLOW"}
,{"request":{"action":"Action::\"ViewGrades\"","context":{},"principal":"Student::\"97\"","resource":"Student::\"58\""},"result":"DENY"}
,{"request":{"action":"Action::\"ViewGrades\"","context":{},"principal":"Student::\"37\"","resource":"Student::\"37\""},"result":"ALLOW"}
,{"request":{"action":"Action::\"ViewGrades\"","context":{},"principal":"Student::\"15\"","resource":"Student::\"1\""},"result":"DENY"}
,{"request":{"action":"Action::\"ViewGrades\"","context":{},"principal":"Student::\"62\"","resource":"Student::\"62\""},"result":"ALLOW"}
,{"request":{"action":"Action::\"ViewGrades\"","context":{},"principal":"Student::\"9\"","resource":"Student::\"9\""},"result":"ALLOW"}
,{"request":{"action":"Action::\"ViewGrades\"","context":{},"principal":"Student::\"89\"","resource":"Student::\"89\""},"result":"ALLOW"}
,{"request":{"action":"Action::\"ViewGrades\"","context":{},"principal":"Staff::\"11\"","resource":"Assignment::\"2C1\""},"result":"ALLOW"}
,{"request":{"action":"Action::\"ViewGrades\"","context":{},"principal":"Student::\"8\"","resource":"Student::\"8\""},"result":"ALLOW"}
,{"request":{"action":"Action::\"ViewGrades\"","context":{},"principal":"Student::\"33\"","resource":"Student::\"33\""},"result":"ALLOW"}
,{"request":{"action":"Action::\"ViewGrades\"","context":{},"principal":"Student::\"54\"","resource":"Student::\"54\""},"result":"ALLOW"}
,{"request":{"action":"Action::\"PostNextAssignment\"","context":{},"principal":"Staff::\"3\"","resource":"Course::\"1\""},"result":"ALLOW"}
,{"request":{"action":"Action::\"PostNextAssignment\"","context":{},"principal":"Student::\"82\"","resource":"Course::\"1\""},"result":"DENY"}
,{"request":{"action":"Action::\"EditAssignment\"","context":{},"principal":"Student::\"81\"","resource":"Assignment::\"3C1\""},"result":"DENY"}
,{"request":{"action":"Action::\"EditAssignment\"","context":{},"principal":"Student::\"53\"","resource":"Assignment::\"3C1\""},"result":"DENY"}
,{"request":{"action":"Action::\"EditAssignment\"","context":{},"principal":"Student::\"81\"","resource":"Assignment::\"3C1\""},"result":"DENY"}
,{"request":{"action":"Action::\"EditAssignment\"","context":{},"principal":"Student::\"6\"","resource":"Assignment::\"3C1\""},"result":"DENY"}
,{"request":{"action":"Action::\"EditAssignment\"","context":{},"principal":"Student::\"55\"","resource":"Assignment::\"3C1\""},"result":"DENY"}
,{"request":{"action":"Action::\"GradeSubmission\"","context":{},"principal":"Student::\"8\"","resource":"Assignment::\"3C1\""},"result":"DENY"}
,{"request":{"action":"Action::\"GradeSubmission\"","context":{},"principal":"Student::\"82\"","resource":"Assignment::\"3C1\""},"result":"DENY"}
,{"request":{"action":"Action::\"GradeSubmission\"","context":{},"principal":"Student::\"17\"","resource":"Assignment::\"3C1\""},"result":"DENY"}
,{"request":{"action":"Action::\"GradeSubmission\"","context":{},"principal":"Staff::\"3\"","resource":"Assignment::\"3C1\""},"result":"ALLOW"}
,{"request":{"action":"Action::\"ViewGrades\"","context":{},"principal":"Student::\"90\"","resource":"Student::\"90\""},"result":"ALLOW"}
,{"request":{"action":"Action::\"ViewGrades\"","context":{},"principal":"Student::\"14\"","resource":"Student::\"14\""},"result":"ALLOW"}
,{"request":{"action":"Action::\"ViewGrades\"","context":{},"principal":"Staff::\"3\"","resource":"Assignment::\"3C1\""},"result":"ALLOW"}
,{"request":{"action":"Action::\"ViewGrades\"","context":{},"principal":"Student::\"59\"","resource":"Student::\"59\""},"result":"ALLOW"}
,{"request":{"action":"Action::\"ViewGrades\"","context":{},"principal":"Student::\"53\"","resource":"Student::\"53\""},"result":"ALLOW"}
,{"request":{"action":"Action::\"ViewGrades\"","context":{},"principal":"Student::\"83\"","resource":"Student::\"83\""},"result":"ALLOW"}
,{"request":{"action":"Action::\"ViewGrades\"","context":{},"principal":"Student::\"6\"","resource":"Student::\"6\""},"result":"ALLOW"}
,{"request":{"action":"Action::\"ViewGrades\"","context":{},"principal":"Student::\"51\"","resource":"Student::\"51\""},"result":"ALLOW"}
,{"request":{"action":"Action::\"ViewGrades\"","context":{},"principal":"Student::\"78\"","resource":"Student::\"78\""},"result":"ALLOW"}
,{"request":{"action":"Action::\"ViewGrades\"","context":{},"principal":"Staff::\"11\"","resource":"Assignment::\"3C1\""},"result":"ALLOW"}
,{"request":{"action":"Action::\"ViewGrades\"","context":{},"principal":"Student::\"84\"","resource":"Student::\"84\""},"result":"ALLOW"}
,{"request":{"action":"Action::\"ViewGrades\"","context":{},"principal":"Student::\"47\"","resource":"Student::\"47\""},"result":"ALLOW"}
,{"request":{"action":"Action::\"ViewGrades\"","context":{},"principal":"Student::\"83\"","resource":"Student::\"83\""},"result":"ALLOW"}
,{"request":{"action":"Action::\"ViewGrades\"","context":{},"principal":"Student::\"60\"","resource":"Student::\"60\""},"result":"ALLOW"}
,{"request":{"action":"Action::\"PostNextAssignment\"","context":{},"principal":"Staff::\"1\"","resource":"Course::\"2\""},"result":"ALLOW"}
,{"request":{"action":"Action::\"PostNextAssignment\"","context":{},"principal":"Student::\"48\"","resource":"Course::\"2\""},"result":"DENY"}
,{"request":{"action":"Action::\"EditAssignment\"","context":{},"principal":"Student::\"48\"","resource":"Assignment::\"0C2\""},"result":"DENY"}
,{"request":{"action":"Action::\"EditAssignment\"","context":{},"principal":"Student::\"6\"","resource":"Assignment::\"0C2\""},"result":"DENY"}
,{"request":{"action":"Action::\"EditAssignment\"","context":{},"principal":"Staff::\"1\"","resource":"Assignment::\"0C2\""},"result":"ALLOW"}
,{"request":{"action":"Action::\"EditAssignment\"","context":{},"principal":"Student::\"76\"","resource":"Assignment::\"0C2\""},"result":"DENY"}
,{"request":{"action":"Action::\"GradeSubmission\"","context":{},"principal":"Student::\"50\"","resource":"Assignment::\"0C2\""},"result":"DENY"}
,{"request":{"action":"Action::\"GradeSubmission\"","context":{},"principal":"Staff::\"1\"","resource":"Assignment::\"0C2\""},"result":"ALLOW"}
,{"request":{"action":"Action::\"ViewGrades\"","context":{},"principal":"Student::\"55\"","resource":"Student::\"55\""},"result":"ALLOW"}
,{"request":{"action":"Action::\"ViewGrades\"","context":{},"principal":"Staff::\"16\"","resource":"Assignment::\"0C2\""},"result":"ALLOW"}
,{"request":{"action":"Action::\"ViewGrades\"","context":{},"principal":"Student::\"13\"","resource":"Student::\"13\""},"result":"ALLOW"}
,{"request":{"action":"Action::\"ViewGrades\"","context":{},"principal":"Student::\"2\"","resource":"Student::\"2\""},"result":"ALLOW"}
,{"request":{"action":"Action::\"ViewGrades\"","context":{},"principal":"Student::\"5\"","resource":"Student::\"5\""},"result":"ALLOW"}
,{"request":{"action":"Action::\"ViewGrades\"","context":{},"principal":"Student::\"23\"","resource":"Student::\"23\""},"result":"ALLOW"}
,{"request":{"action":"Action::\"ViewGrades\"","context":{},"principal":"Student::\"65\"","resource":"Student::\"65\""},"result":"ALLOW"}
,{"request":{"action":"Action::\"ViewGrades\"","context":{},"principal":"Student::\"81\"","resource":"Student::\"81\""},"result":"ALLOW"}
,{"request":{"action":"Action::\"ViewGrades\"","context":{},"principal":"Student::\"77\"","resource":"Student::\"77\""},"result":"ALLOW"}
,{"request":{"action":"Action::\"ViewGrades\"","context":{},"principal":"Student::\"99\"","resource":"Student::\"99\""},"result":"ALLOW"}
,{"request":{"action":"Action::\"ViewGrades\"","context":{},"principal":"Student::\"67\"","resource":"Student::\"67\""},"result":"ALLOW"}
,{"request":{"action":"Action::\"ViewGrades\"","context":{},"principal":"Staff::\"1\"","resource":"Assignment::\"0C2\""},"result":"ALLOW"}
,{"request":{"action":"Action::\"ViewGrades\"","context":{},"principal":"Student::\"21\"","resource":"Student::\"21\""},"result":"ALLOW"}
,{"request":{"action":"Action::\"PostNextAssignment\"","context":{},"principal":"Staff::\"1\"","resource":"Course::\"2\""},"result":"ALLOW"}
,{"request":{"action":"Action::\"PostNextAssignment\"","context":{},"principal":"Student::\"64\"","resource":"Course::\"2\""},"result":"DENY"}
,{"request":{"action":"Action::\"EditAssignment\"","context":{},"principal":"Staff::\"1\"","resource":"Assignment::\"1C2\""},"result":"ALLOW"}
,{"request":{"action":"Action::\"GradeSubmission\"","context":{},"principal":"Student::\"64\"","resource":"Assignment::\"1C2\""},"result":"DENY"}
,{"request":{"action":"Action::\"GradeSubmission\"","context":{},"principal":"Student::\"76\"","resource":"Assignment::\"1C2\""},"result":"DENY"}
,{"request":{"action":"Action::\"GradeSubmission\"","context":{},"principal":"Student::\"50\"","resource":"Assignment::\"1C2\""},"result":"DENY"}
,{"request":{"action":"Action::\"GradeSubmission\"","context":{},"principal":"Student::\"92\"","resource":"Assignment::\"1C2\""},"result":"DENY"}
,{"request":{"action":"Action::\"GradeSubmission\"","context":{},"principal":"Staff::\"1\"","resource":"Assignment::\"1C2\""},"result":"ALLOW"}
,{"request":{"action":"Action::\"GradeSubmission\"","context":{},"principal":"Student::\"46\"","resource":"Assignment::\"1C2\""},"result":"DENY"}
,{"request":{"action":"Action::\"ViewGrades\"","context":{},"principal":"Staff::\"1\"","resource":"Assignment::\"1C2\""},"result":"ALLOW"}
,{"request":{"action":"Action::\"ViewGrades\"","context":{},"principal":"Student::\"32\"","resource":"Student::\"38\""},"result":"DENY"}
,{"request":{"action":"Action::\"ViewGrades\"","context":{},"principal":"Student::\"12\"","resource":"Student::\"12\""},"result":"ALLOW"}
,{"request":{"action":"Action::\"ViewGrades\"","context":{},"principal":"Student::\"85\"","resource":"Student::\"21\""},"result":"DENY"}
,{"request":{"action":"Action::\"ViewGrades\"","context":{},"principal":"Staff::\"16\"","resource":"Assignment::\"1C2\""},"result":"ALLOW"}
,{"request":{"action":"Action::\"PostNextAssignment\"","context":{},"principal":"Staff::\"1\"","resource":"Course::\"2\""},"result":"ALLOW"}
,{"request":{"action":"Action::\"PostNextAssignment\"","context":{},"principal":"Student::\"3\"","resource":"Course::\"2\""},"result":"DENY"}
,{"request":{"action":"Action::\"PostNextAssignment\"","context":{},"principal":"Student::\"70\"","resource":"Course::\"2\""},"result":"DENY"}
,{"request":{"action":"Action::\"PostNextAssignment\"","context":{},"principal":"Student::\"3\"","resource":"Course::\"2\""},"result":"DENY"}
,{"request":{"action":"Action::\"EditAssignment\"","context":{},"principal":"Student::\"26\"","resource":"Assignment::\"2C2\""},"result":"DENY"}
,{"request":{"action":"Action::\"EditAssignment\"","context":{},"principal":"Student::\"9\"","resource":"Assignment::\"2C2\""},"result":"DENY"}
,{"request":{"action":"Action::\"EditAssignment\"","context":{},"principal":"Staff::\"1\"","resource":"Assignment::\"2C2\""},"result":"ALLOW"}
,{"request":{"action":"Action::\"GradeSubmission\"","context":{},"principal":"Student::\"3\"","resource":"Assignment::\"2C2\""},"result":"DENY"}
,{"request":{"action":"Action::\"GradeSubmission\"","context":{},"principal":"Student::\"46\"","resource":"Assignment::\"2C2\""},"result":"DENY"}
,{"request":{"action":"Action::\"GradeSubmission\"","context":{},"principal":"Staff::\"1\"","resource":"Assignment::\"2C2\""},"result":"ALLOW"}
,{"request":{"action":"Action::\"ViewGrades\"","context":{},"principal":"Student::\"70\"","resource":"Student::\"70\""},"result":"ALLOW"}
,{"request":{"action":"Action::\"ViewGrades\"","context":{},"principal":"Student::\"49\"","resource":"Student::\"49\""},"result":"ALLOW"}
,{"request":{"action":"Action::\"ViewGrades\"","context":{},"principal":"Student::\"29\"","resource":"Student::\"29\""},"result":"ALLOW"}
,{"request":{"action":"Action::\"ViewGrades\"","context":{},"principal":"Student::\"36\"","resource":"Student::\"36\""},"result":"ALLOW"}
,{"request":{"action":"Action::\"ViewGrades\"","context":{},"principal":"Student::\"82\"","resource":"Student::\"82\""},"result":"ALLOW"}
,{"request":{"action":"Action::\"ViewGrades\"","context":{},"principal":"Student::\"19\"","resource":"Student::\"19\""},"result":"ALLOW"}
,{"request":{"action":"Action::\"ViewGrades\"","context":{},"principal":"Student::\"19\"","resource":"Student::\"19\""},"result":"ALLOW"}
,{"request":{"action":"Action::\"ViewGrades\"","context":{},"principal":"Student::\"96\"","resource":"Student::\"96\""},"result":"ALLOW"}
,{"request":{"action":"Action::\"ViewGrades\"","context":{},"principal":"Staff::\"16\"","resource":"Assignment::\"2C2\""},"result":"ALLOW"}
,{"request":{"action":"Action::\"ViewGrades\"","context":{},"principal":"Student::\"43\"","resource":"Student::\"43\""},"result":"ALLOW"}
,{"request":{"action":"Action::\"ViewGrades\"","context":{},"principal":"Staff::\"1\"","resource":"Assignment::\"2C2\""},"result":"ALLOW"}
,{"request":{"action":"Action::\"ViewGrades\"","context":{},"principal":"Student::\"22\"","resource":"Student::\"22\""},"result":"ALLOW"}
,{"request":{"action":"Action::\"ViewGrades\"","context":{},"principal":"Student::\"85\"","resource":"Student::\"85\""},"result":"ALLOW"}
,{"request":{"action":"Action::\"ViewGrades\"","context":{},"principal":"Student::\"33\"","resource":"Student::\"33\""},"result":"ALLOW"}
,{"request":{"action":"Action::\"ViewGrades\"","context":{},"principal":"Student::\"81\"","resource":"Student::\"81\""},"result":"ALLOW"}
,{"request":{"action":"Action::\"PostNextAssignment\"","context":{},"principal":"Staff::\"1\"","resource":"Course::\"2\""},"result":"ALLOW"}
,{"request":{"action":"Action::\"PostNextAssignment\"","context":{},"principal":"Student::\"50\"","resource":"Course::\"2\""},"result":"DENY"}
,{"request":{"action":"Action::\"PostNextAssignment\"","context":{},"principal":"Student::\"48\"","resource":"Course::\"2\""},"result":"DENY"}
,{"request":{"action":"Action::\"PostNextAssignment\"","context":{},"principal":"Student::\"50\"","resource":"Course::\"2\""},"result":"DENY"}
,{"request":{"action":"Action::\"PostNextAssignment\"","context":{},"principal":"Student::\"6\"","resource":"Course::\"2\""},"result":"DENY"}
,{"request":{"action":"Action::\"EditAssignment\"","context":{},"principal":"Student::\"6\"","resource":"Assignment::\"3C2\""},"result":"DENY"}
,{"request":{"action":"Action::\"GradeSubmission\"","context":{},"principal":"Student::\"48\"","resource":"Assignment::\"3C2\""},"result":"DENY"}
,{"request":{"action":"Action::\"GradeSubmission\"","context":{},"principal":"Staff::\"1\"","resource":"Assignment::\"3C2\""},"result":"ALLOW"}
,{"request":{"action":"Action::\"GradeSubmission\"","context":{},"principal":"Student::\"76\"","resource":"Assignment::\"3C2\""},"result":"DENY"}
,{"request":{"action":"Action::\"ViewGrades\"","context":{},"principal":"Student::\"65\"","resource":"Student::\"92\""},"result":"DENY"}
,{"request":{"action":"Action::\"ViewGrades\"","context":{},"principal":"Student::\"50\"","resource":"Student::\"50\""},"result":"ALLOW"}
,{"request":{"action":"Action::\"ViewGrades\"","context":{},"principal":"Student::\"93\"","resource":"Student::\"93\""},"result":"ALLOW"}
,{"request":{"action":"Action::\"ViewGrades\"","context":{},"principal":"Student::\"77\"","resource":"Student::\"77\""},"result":"ALLOW"}
,{"request":{"action":"Action::\"ViewGrades\"","context":{},"principal":"Staff::\"16\"","resource":"Assignment::\"3C2\""},"result":"ALLOW"}
,{"request":{"action":"Action::\"ViewGrades\"","context":{},"principal":"Staff::\"1\"","resource":"Assignment::\"3C2\""},"result":"ALLOW"}
,{"request":{"action":"Action::\"ViewGrades\"","context":{},"principal":"Student::\"20\"","resource":"Student::\"20\""},"result":"ALLOW"}
,{"request":{"action":"Action::\"ViewGrades\"","context":{},"principal":"Student::\"33\"","resource":"Student::\"33\""},"result":"ALLOW"}
,{"request":{"action":"Action::\"PostNextAssignment\"","context":{},"principal":"Staff::\"2\"","resource":"Course::\"3\""},"result":"ALLOW"}
,{"request":{"action":"Action::\"PostNextAssignment\"","context":{},"principal":"Student::\"32\"","resource":"Course::\"3\""},"result":"DENY"}
,{"request":{"action":"Action::\"PostNextAssignment\"","context":{},"principal":"Student::\"19\"","resource":"Course::\"3\""},"result":"DENY"}
,{"request":{"action":"Action::\"EditAssignment\"","context":{},"principal":"Student::\"72\"","resource":"Assignment::\"0C3\""},"result":"DENY"}
,{"request":{"action":"Action::\"EditAssignment\"","context":{},"principal":"Student::\"76\"","resource":"Assignment::\"0C3\""},"result":"DENY"}
,{"request":{"action":"Action::\"EditAssignment\"","context":{},"principal":"Student::\"76\"","resource":"Assignment::\"0C3\""},"result":"DENY"}
,{"request":{"action":"Action::\"GradeSubmission\"","context":{},"principal":"Student::\"76\"","resource":"Assignment::\"0C3\""},"result":"DENY"}
,{"request":{"action":"Action::\"GradeSubmission\"","context":{},"principal":"Student::\"73\"","resource":"Assignment::\"0C3\""},"result":"DENY"}
,{"request":{"action":"Action::\"GradeSubmission\"","context":{},"principal":"Student::\"42\"","resource":"Assignment::\"0C3\""},"result":"DENY"}
,{"request":{"action":"Action::\"GradeSubmission\"","context":{},"principal":"Staff::\"2\"","resource":"Assignment::\"0C3\""},"result":"ALLOW"}
,{"request":{"action":"Action::\"GradeSubmission\"","context":{},"principal":"Student::\"73\"","resource":"Assignment::\"0C3\""},"result":"DENY"}
,{"request":{"action":"Action::\"ViewGrades\"","context":{},"principal":"Staff::\"12\"","resource":"Assignment::\"0C3\""},"result":"ALLOW"}
,{"request":{"action":"Action::\"ViewGrades\"","context":{},"principal":"Student::\"90\"","resource":"Student::\"90\""},"result":"ALLOW"}
,{"request":{"action":"Action::\"ViewGrades\"","context":{},"principal":"Student::\"48\"","resource":"Student::\"48\""},"result":"ALLOW"}
,{"request":{"action":"Action::\"ViewGrades\"","context":{},"principal":"Student::\"76\"","resource":"Student::\"1\""},"result":"DENY"}
,{"request":{"action":"Action::\"ViewGrades\"","context":{},"principal":"Student::\"57\"","resource":"Student::\"57\""},"result":"ALLOW"}
,{"request":{"action":"Action::\"ViewGrades\"","context":{},"principal":"Staff::\"2\"","resource":"Assignment::\"0C3\""},"result":"ALLOW"}
,{"request":{"action":"Action::\"ViewGrades\"","context":{},"principal":"Student::\"41\"","resource":"Student::\"41\""},"result":"ALLOW"}
,{"request":{"action":"Action::\"ViewGrades\"","context":{},"principal":"Student::\"52\"","resource":"Student::\"52\""},"result":"ALLOW"}
,{"request":{"action":"Action::\"ViewGrades\"","context":{},"principal":"Student::\"91\"","resource":"Student::\"91\""},"result":"ALLOW"}
,{"request":{"action":"Action::\"ViewGrades\"","context":{},"principal":"Student::\"4\"","resource":"Student::\"4\""},"result":"ALLOW"}
,{"request":{"action":"Action::\"ViewGrades\"","context":{},"principal":"Student::\"53\"","resource":"Student::\"53\""},"result":"ALLOW"}
,{"request":{"action":"Action::\"PostNextAssignment\"","context":{},"principal":"Staff::\"2\"","resource":"Course::\"3\""},"result":"ALLOW"}
,{"request":{"action":"Action::\"PostNextAssignment\"","context":{},"principal":"Student::\"32\"","resource":"Course::\"3\""},"result":"DENY"}
,{"request":{"action":"Action::\"PostNextAssignment\"","context":{},"principal":"Student::\"42\"","resource":"Course::\"3\""},"result":"DENY"}
,{"request":{"action":"Action::\"GradeSubmission\"","context":{},"principal":"Student::\"32\"","resource":"Assignment::\"1C3\""},"result":"DENY"}
,{"request":{"action":"Action::\"GradeSubmission\"","context":{},"principal":"Student::\"32\"","resource":"Assignment::\"1C3\""},"result":"DENY"}
,{"request":{"action":"Action::\"GradeSubmission\"","context":{},"principal":"Student::\"26\"","resource":"Assignment::\"1C3\""},"result":"DENY"}
,{"request":{"action":"Action::\"GradeSubmission\"","context":{},"principal":"Staff::\"2\"","resource":"Assignment::\"1C3\""},"result":"ALLOW"}
,{"request":{"action":"Action::\"GradeSubmission\"","context":{},"principal":"Student::\"15\"","resource":"Assignment::\"1C3\""},"result":"DENY"}
,{"request":{"action":"Action::\"GradeSubmission\"","context":{},"principal":"Student::\"72\"","resource":"Assignment::\"1C3\""},"result":"DENY"}
,{"request":{"action":"Action::\"ViewGrades\"","context":{},"principal":"Student::\"9\"","resource":"Student::\"9\""},"result":"ALLOW"}
,{"request":{"action":"Action::\"ViewGrades\"","context":{},"principal":"Student::\"15\"","resource":"Student::\"15\""},"result":"ALLOW"}
,{"request":{"action":"Action::\"ViewGrades\"","context":{},"principal":"Student::\"84\"","resource":"Student::\"84\""},"result":"ALLOW"}
,{"request":{"action":"Action::\"ViewGrades\"","context":{},"principal":"Staff::\"2\"","resource":"Assignment::\"1C3\""},"result":"ALLOW"}
,{"request":{"action":"Action::\"ViewGrades\"","context":{},"principal":"Student::\"79\"","resource":"Student::\"79\""},"result":"ALLOW"}
,{"request":{"action":"Action::\"ViewGrades\"","context":{},"principal":"Student::\"15\"","resource":"Student::\"89\""},"result":"DENY"}
,{"request":{"action":"Action::\"ViewGrades\"","context":{},"principal":"Student::\"90\"","resource":"Student::\"90\""},"result":"ALLOW"}
,{"request":{"action":"Action::\"ViewGrades\"","context":{},"principal":"Student::\"6\"","resource":"Student::\"6\""},"result":"ALLOW"}
,{"request":{"action":"Action::\"ViewGrades\"","context":{},"principal":"Student::\"53\"","resource":"Student::\"53\""},"result":"ALLOW"}
,{"request":{"action":"Action::\"ViewGrades\"","context":{},"principal":"Staff::\"12\"","resource":"Assignment::\"1C3\""},"result":"ALLOW"}
,{"request":{"action":"Action::\"ViewGrades\"","context":{},"principal":"Student::\"93\"","resource":"Student::\"93\""},"result":"ALLOW"}
,{"request":{"action":"Action::\"ViewGrades\"","context":{},"principal":"Student::\"54\"","resource":"Student::\"89\""},"result":"DENY"}
,{"request":{"action":"Action::\"ViewGrades\"","context":{},"principal":"Student::\"26\"","resource":"Student::\"80\""},"result":"DENY"}
,{"request":{"action":"Action::\"ViewGrades\"","context":{},"principal":"Student::\"92\"","resource":"Student::\"92\""},"result":"ALLOW"}
,{"request":{"action":"Action::\"PostNextAssignment\"","context":{},"principal":"Staff::\"2\"","resource":"Course::\"3\""},"result":"ALLOW"}
,{"request":{"action":"Action::\"PostNextAssignment\"","context":{},"principal":"Student::\"73\"","resource":"Course::\"3\""},"result":"DENY"}
,{"request":{"action":"Action::\"PostNextAssignment\"","context":{},"principal":"Student::\"73\"","resource":"Course::\"3\""},"result":"DENY"}
,{"request":{"action":"Action::\"GradeSubmission\"","context":{},"principal":"Student::\"26\"","resource":"Assignment::\"2C3\""},"result":"DENY"}
,{"request":{"action":"Action::\"GradeSubmission\"","context":{},"principal":"Student::\"19\"","resource":"Assignment::\"2C3\""},"result":"DENY"}
,{"request":{"action":"Action::\"GradeSubmission\"","context":{},"principal":"Student::\"15\"","resource":"Assignment::\"2C3\""},"result":"DENY"}
,{"request":{"action":"Action::\"GradeSubmission\"","context":{},"principal":"Staff::\"2\"","resource":"Assignment::\"2C3\""},"result":"ALLOW"}
,{"request":{"action":"Action::\"GradeSubmission\"","context":{},"principal":"Student::\"42\"","resource":"Assignment::\"2C3\""},"result":"DENY"}
,{"request":{"action":"Action::\"GradeSubmission\"","context":{},"principal":"Student::\"73\"","resource":"Assignment::\"2C3\""},"result":"DENY"}
,{"request":{"action":"Action::\"ViewGrades\"","context":{},"principal":"Student::\"35\"","resource":"Student::\"35\""},"result":"ALLOW"}
,{"request":{"action":"Action::\"ViewGrades\"","context":{},"principal":"Staff::\"2\"","resource":"Assignment::\"2C3\""},"result":"ALLOW"}
,{"request":{"action":"Action::\"ViewGrades\"","context":{},"principal":"Student::\"82\"","resource":"Student::\"82\""},"result":"ALLOW"}
,{"request":{"action":"Action::\"ViewGrades\"","context":{},"principal":"Staff::\"12\"","resource":"Assignment::\"2C3\""},"result":"ALLOW"}
,{"request":{"action":"Action::\"ViewGrades\"","context":{},"principal":"Student::\"61\"","resource":"Student::\"61\""},"result":"ALLOW"}
,{"request":{"action":"Action::\"PostNextAssignment\"","context":{},"principal":"Staff::\"2\"","resource":"Course::\"3\""},"result":"ALLOW"}
,{"request":{"action":"Action::\"EditAssignment\"","context":{},"principal":"Student::\"42\"","resource":"Assignment::\"3C3\""},"result":"DENY"}
,{"request":{"action":"Action::\"EditAssignment\"","context":{},"principal":"Staff::\"2\"","resource":"Assignment::\"3C3\""},"result":"ALLOW"}
,{"request":{"action":"Action::\"GradeSubmission\"","context":{},"principal":"Student::\"46\"","resource":"Assignment::\"3C3\""},"result":"DENY"}
,{"request":{"action":"Action::\"GradeSubmission\"","context":{},"principal":"Student::\"19\"","resource":"Assignment::\"3C3\""},"result":"DENY"}
,{"request":{"action":"Action::\"GradeSubmission\"","context":{},"principal":"Student::\"15\"","resource":"Assignment::\"3C3\""},"result":"DENY"}
,{"request":{"action":"Action::\"GradeSubmission\"","context":{},"principal":"Staff::\"2\"","resource":"Assignment::\"3C3\""},"result":"ALLOW"}
,{"request":{"action":"Action::\"ViewGrades\"","context":{},"principal":"Student::\"57\"","resource":"Student::\"1\""},"result":"DENY"}
,{"request":{"action":"Action::\"ViewGrades\"","context":{},"principal":"Staff::\"2\"","resource":"Assignment::\"3C3\""},"result":"ALLOW"}
,{"request":{"action":"Action::\"ViewGrades\"","context":{},"principal":"Student::\"82\"","resource":"Student::\"82\""},"result":"ALLOW"}
,{"request":{"action":"Action::\"ViewGrades\"","context":{},"principal":"Student::\"42\"","resource":"Student::\"42\""},"result":"ALLOW"}
,{"request":{"action":"Action::\"ViewGrades\"","context":{},"principal":"Student::\"38\"","resource":"Student::\"38\""},"result":"ALLOW"}
,{"request":{"action":"Action::\"ViewGrades\"","context":{},"principal":"Student::\"59\"","resource":"Student::\"59\""},"result":"ALLOW"}
,{"request":{"action":"Action::\"ViewGrades\"","context":{},"principal":"Student::\"91\"","resource":"Student::\"91\""},"result":"ALLOW"}
,{"request":{"action":"Action::\"ViewGrades\"","context":{},"principal":"Student::\"31\"","resource":"Student::\"31\""},"result":"ALLOW"}
,{"request":{"action":"Action::\"ViewGrades\"","context":{},"principal":"Student::\"88\"","resource":"Student::\"88\""},"result":"ALLOW"}
,{"request":{"action":"Action::\"ViewGrades\"","context":{},"principal":"Staff::\"12\"","resource":"Assignment::\"3C3\""},"result":"ALLOW"}
,{"request":{"action":"Action::\"PostNextAssignment\"","context":{},"principal":"Staff::\"6\"","resource":"Course::\"4\""},"result":"ALLOW"}
,{"request":{"action":"Action::\"PostNextAssignment\"","context":{},"principal":"Student::\"76\"","resource":"Course::\"4\""},"result":"DENY"}
,{"request":{"action":"Action::\"PostNextAssignment\"","context":{},"principal":"Student::\"3\"","resource":"Course::\"4\""},"result":"DENY"}
,{"request":{"action":"Action::\"EditAssignment\"","context":{},"principal":"Staff::\"6\"","resource":"Assignment::\"0C4\""},"result":"ALLOW"}
,{"request":{"action":"Action::\"GradeSubmission\"","context":{},"principal":"Student::\"79\"","resource":"Assignment::\"0C4\""},"result":"DENY"}
,{"request":{"action":"Action::\"GradeSubmission\"","context":{},"principal":"Staff::\"6\"","resource":"Assignment::\"0C4\""},"result":"ALLOW"}
,{"request":{"action":"Action::\"GradeSubmission\"","context":{},"principal":"Student::\"76\"","resource":"Assignment::\"0C4\""},"result":"DENY"}
,{"request":{"action":"Action::\"GradeSubmission\"","context":{},"principal":"Student::\"79\"","resource":"Assignment::\"0C4\""},"result":"DENY"}
,{"request":{"action":"Action::\"GradeSubmission\"","context":{},"principal":"Student::\"99\"","resource":"Assignment::\"0C4\""},"result":"DENY"}
,{"request":{"action":"Action::\"ViewGrades\"","context":{},"principal":"Student::\"41\"","resource":"Student::\"9\""},"result":"DENY"}
,{"request":{"action":"Action::\"ViewGrades\"","context":{},"principal":"Student::\"44\"","resource":"Student::\"10\""},"result":"DENY"}
,{"request":{"action":"Action::\"ViewGrades\"","context":{},"principal":"Student::\"48\"","resource":"Student::\"48\""},"result":"ALLOW"}
,{"request":{"action":"Action::\"ViewGrades\"","context":{},"principal":"Staff::\"6\"","resource":"Assignment::\"0C4\""},"result":"ALLOW"}
,{"request":{"action":"Action::\"ViewGrades\"","context":{},"principal":"Student::\"81\"","resource":"Student::\"81\""},"result":"ALLOW"}
,{"request":{"action":"Action::\"ViewGrades\"","context":{},"principal":"Student::\"30\"","resource":"Student::\"30\""},"result":"ALLOW"}
,{"request":{"action":"Action::\"ViewGrades\"","context":{},"principal":"Student::\"26\"","resource":"Student::\"26\""},"result":"ALLOW"}
,{"request":{"action":"Action::\"ViewGrades\"","context":{},"principal":"Student::\"24\"","resource":"Student::\"5\""},"result":"DENY"}
,{"request":{"action":"Action::\"ViewGrades\"","context":{},"principal":"Student::\"92\"","resource":"Student::\"63\""},"result":"DENY"}
,{"request":{"action":"Action::\"ViewGrades\"","context":{},"principal":"Student::\"46\"","resource":"Student::\"99\""},"result":"DENY"}
,{"request":{"action":"Action::\"ViewGrades\"","context":{},"principal":"Student::\"56\"","resource":"Student::\"56\""},"result":"ALLOW"}
,{"request":{"action":"Action::\"ViewGrades\"","context":{},"principal":"Student::\"83\"","resource":"Student::\"83\""},"result":"ALLOW"}
,{"request":{"action":"Action::\"PostNextAssignment\"","context":{},"principal":"Staff::\"6\"","resource":"Course::\"5\""},"result":"ALLOW"}
,{"request":{"action":"Action::\"PostNextAssignment\"","context":{},"principal":"Student::\"56\"","resource":"Course::\"5\""},"result":"DENY"}
,{"request":{"action":"Action::\"PostNextAssignment\"","context":{},"principal":"Student::\"56\"","resource":"Course::\"5\""},"result":"DENY"}
,{"request":{"action":"Action::\"PostNextAssignment\"","context":{},"principal":"Student::\"58\"","resource":"Course::\"5\""},"result":"DENY"}
,{"request":{"action":"Action::\"PostNextAssignment\"","context":{},"principal":"Student::\"56\"","resource":"Course::\"5\""},"result":"DENY"}
,{"request":{"action":"Action::\"GradeSubmission\"","context":{},"principal":"Student::\"56\"","resource":"Assignment::\"0C5\""},"result":"DENY"}
,{"request":{"action":"Action::\"GradeSubmission\"","context":{},"principal":"Staff::\"6\"","resource":"Assignment::\"0C5\""},"result":"ALLOW"}
,{"request":{"action":"Action::\"ViewGrades\"","context":{},"principal":"Student::\"33\"","resource":"Student::\"33\""},"result":"ALLOW"}
,{"request":{"action":"Action::\"ViewGrades\"","context":{},"principal":"Student::\"57\"","resource":"Student::\"17\""},"result":"DENY"}
,{"request":{"action":"Action::\"ViewGrades\"","context":{},"principal":"Staff::\"6\"","resource":"Assignment::\"0C5\""},"result":"ALLOW"}
,{"request":{"action":"Action::\"ViewGrades\"","context":{},"principal":"Student::\"52\"","resource":"Student::\"52\""},"result":"ALLOW"}
,{"request":{"action":"Action::\"ViewGrades\"","context":{},"principal":"Student::\"7\"","resource":"Student::\"18\""},"result":"DENY"}
,{"request":{"action":"Action::\"ViewGrades\"","context":{},"principal":"Student::\"36\"","resource":"Student::\"36\""},"result":"ALLOW"}
,{"request":{"action":"Action::\"ViewGrades\"","context":{},"principal":"Student::\"73\"","resource":"Student::\"73\""},"result":"ALLOW"}
,{"request":{"action":"Action::\"ViewGrades\"","context":{},"principal":"Student::\"6\"","resource":"Student::\"6\""},"result":"ALLOW"}
,{"request":{"action":"Action::\"ViewGrades\"","context":{},"principal":"Student::\"38\"","resource":"Student::\"38\""},"result":"ALLOW"}
,{"request":{"action":"Action::\"ViewGrades\"","context":{},"principal":"Student::\"55\"","resource":"Student::\"55\""},"result":"ALLOW"}
,{"request":{"action":"Action::\"ViewGrades\"","context":{},"principal":"Student::\"83\"","resource":"Student::\"83\""},"result":"ALLOW"}
,{"request":{"action":"Action::\"ViewGrades\"","context":{},"principal":"Student::\"91\"","resource":"Student::\"91\""},"result":"ALLOW"}
,{"request":{"action":"Action::\"ViewGrades\"","context":{},"principal":"Student::\"75\"","resource":"Student::\"38\""},"result":"DENY"}
,{"request":{"action":"Action::\"PostNextAssignment\"","context":{},"principal":"Staff::\"5\"","resource":"Course::\"6\""},"result":"ALLOW"}
,{"request":{"action":"Action::\"PostNextAssignment\"","context":{},"principal":"Student::\"72\"","resource":"Course::\"6\""},"result":"DENY"}
,{"request":{"action":"Action::\"EditAssignment\"","context":{},"principal":"Student::\"11\"","resource":"Assignment::\"0C6\""},"result":"DENY"}
,{"request":{"action":"Action::\"GradeSubmission\"","context":{},"principal":"Staff::\"5\"","resource":"Assignment::\"0C6\""},"result":"ALLOW"}
,{"request":{"action":"Action::\"GradeSubmission\"","context":{},"principal":"Student::\"84\"","resource":"Assignment::\"0C6\""},"result":"DENY"}
,{"request":{"action":"Action::\"ViewGrades\"","context":{},"principal":"Student::\"53\"","resource":"Student::\"53\""},"result":"ALLOW"}
,{"request":{"action":"Action::\"ViewGrades\"","context":{},"principal":"Student::\"87\"","resource":"Student::\"59\""},"result":"DENY"}
,{"request":{"action":"Action::\"ViewGrades\"","context":{},"principal":"Student::\"24\"","resource":"Student::\"43\""},"result":"DENY"}
,{"request":{"action":"Action::\"ViewGrades\"","context":{},"principal":"Student::\"42\"","resource":"Student::\"42\""},"result":"ALLOW"}
,{"request":{"action":"Action::\"ViewGrades\"","context":{},"principal":"Student::\"13\"","resource":"Student::\"13\""},"result":"ALLOW"}
,{"request":{"action":"Action::\"ViewGrades\"","context":{},"principal":"Staff::\"5\"","resource":"Assignment::\"0C6\""},"result":"ALLOW"}
,{"request":{"action":"Action::\"ViewGrades\"","context":{},"principal":"Student::\"65\"","resource":"Student::\"65\""},"result":"ALLOW"}
,{"request":{"action":"Action::\"ViewGrades\"","context":{},"principal":"Staff::\"15\"","resource":"Assignment::\"0C6\""},"result":"ALLOW"}
,{"request":{"action":"Action::\"ViewGrades\"","context":{},"principal":"Student::\"43\"","resource":"Student::\"43\""},"result":"ALLOW"}
,{"request":{"action":"Action::\"PostNextAssignment\"","context":{},"principal":"Staff::\"2\"","resource":"Course::\"7\""},"result":"ALLOW"}
,{"request":{"action":"Action::\"PostNextAssignment\"","context":{},"principal":"Student::\"13\"","resource":"Course::\"7\""},"result":"DENY"}
,{"request":{"action":"Action::\"PostNextAssignment\"","context":{},"principal":"Student::\"72\"","resource":"Course::\"7\""},"result":"DENY"}
,{"request":{"action":"Action::\"EditAssignment\"","context":{},"principal":"Student::\"13\"","resource":"Assignment::\"0C7\""},"result":"DENY"}
,{"request":{"action":"Action::\"EditAssignment\"","context":{},"principal":"Staff::\"2\"","resource":"Assignment::\"0C7\""},"result":"ALLOW"}
,{"request":{"action":"Action::\"EditAssignment\"","context":{},"principal":"Student::\"40\"","resource":"Assignment::\"0C7\""},"result":"DENY"}
,{"request":{"action":"Action::\"EditAssignment\"","context":{},"principal":"Student::\"13\"","resource":"Assignment::\"0C7\""},"result":"DENY"}
,{"request":{"action":"Action::\"EditAssignment\"","context":{},"principal":"Student::\"97\"","resource":"Assignment::\"0C7\""},"result":"DENY"}
,{"request":{"action":"Action::\"GradeSubmission\"","context":{},"principal":"Staff::\"2\"","resource":"Assignment::\"0C7\""},"result":"ALLOW"}
,{"request":{"action":"Action::\"GradeSubmission\"","context":{},"principal":"Student::\"11\"","resource":"Assignment::\"0C7\""},"result":"DENY"}
,{"request":{"action":"Action::\"GradeSubmission\"","context":{},"principal":"Student::\"72\"","resource":"Assignment::\"0C7\""},"result":"DENY"}
,{"request":{"action":"Action::\"GradeSubmission\"","context":{},"principal":"Student::\"18\"","resource":"Assignment::\"0C7\""},"result":"DENY"}
,{"request":{"action":"Action::\"GradeSubmission\"","context":{},"principal":"Student::\"67\"","resource":"Assignment::\"0C7\""},"result":"DENY"}
,{"request":{"action":"Action::\"ViewGrades\"","context":{},"principal":"Student::\"39\"","resource":"Student::\"39\""},"result":"ALLOW"}
,{"request":{"action":"Action::\"ViewGrades\"","context":{},"principal":"Staff::\"2\"","resource":"Assignment::\"0C7\""},"result":"ALLOW"}
,{"request":{"action":"Action::\"ViewGrades\"","context":{},"principal":"Student::\"0\"","resource":"Student::\"0\""},"result":"ALLOW"}
,{"request":{"action":"Action::\"ViewGrades\"","context":{},"principal":"Student::\"38\"","resource":"Student::\"38\""},"result":"ALLOW"}
,{"request":{"action":"Action::\"ViewGrades\"","context":{},"principal":"Student::\"66\"","resource":"Student::\"66\""},"result":"ALLOW"}
,{"request":{"action":"Action::\"ViewGrades\"","context":{},"principal":"Student::\"74\"","resource":"Student::\"74\""},"result":"ALLOW"}
,{"request":{"action":"Action::\"ViewGrades\"","context":{},"principal":"Student::\"81\"","resource":"Student::\"81\""},"result":"ALLOW"}
,{"request":{"action":"Action::\"ViewGrades\"","context":{},"principal":"Student::\"40\"","resource":"Student::\"40\""},"result":"ALLOW"}
,{"request":{"action":"Action::\"ViewGrades\"","context":{},"principal":"Student::\"95\"","resource":"Student::\"95\""},"result":"ALLOW"}
,{"request":{"action":"Action::\"PostNextAssignment\"","context":{},"principal":"Staff::\"2\"","resource":"Course::\"7\""},"result":"ALLOW"}
,{"request":{"action":"Action::\"PostNextAssignment\"","context":{},"principal":"Student::\"18\"","resource":"Course::\"7\""},"result":"DENY"}
,{"request":{"action":"Action::\"PostNextAssignment\"","context":{},"principal":"Student::\"24\"","resource":"Course::\"7\""},"result":"DENY"}
,{"request":{"action":"Action::\"EditAssignment\"","context":{},"principal":"Student::\"40\"","resource":"Assignment::\"1C7\""},"result":"DENY"}
,{"request":{"action":"Action::\"GradeSubmission\"","context":{},"principal":"Staff::\"2\"","resource":"Assignment::\"1C7\""},"result":"ALLOW"}
,{"request":{"action":"Action::\"ViewGrades\"","context":{},"principal":"Student::\"23\"","resource":"Student::\"23\""},"result":"ALLOW"}
,{"request":{"action":"Action::\"ViewGrades\"","context":{},"principal":"Student::\"53\"","resource":"Student::\"53\""},"result":"ALLOW"}
,{"request":{"action":"Action::\"ViewGrades\"","context":{},"principal":"Staff::\"2\"","resource":"Assignment::\"1C7\""},"result":"ALLOW"}
,{"request":{"action":"Action::\"ViewGrades\"","context":{},"principal":"Student::\"18\"","resource":"Student::\"18\""},"result":"ALLOW"}
,{"request":{"action":"Action::\"ViewGrades\"","context":{},"principal":"Student::\"83\"","resource":"Student::\"27\""},"result":"DENY"}
,{"request":{"action":"Action::\"ViewGrades\"","context":{},"principal":"Student::\"20\"","resource":"Student::\"20\""},"result":"ALLOW"}
,{"request":{"action":"Action::\"ViewGrades\"","context":{},"principal":"Student::\"36\"","resource":"Student::\"37\""},"result":"DENY"}
,{"request":{"action":"Action::\"ViewGrades\"","context":{},"principal":"Student::\"90\"","resource":"Student::\"90\""},"result":"ALLOW"}
,{"request":{"action":"Action::\"ViewGrades\"","context":{},"principal":"Student::\"26\"","resource":"Student::\"26\""},"result":"ALLOW"}
,{"request":{"action":"Action::\"ViewGrades\"","context":{},"principal":"Student::\"19\"","resource":"Student::\"19\""},"result":"ALLOW"}
,{"request":{"action":"Action::\"ViewGrades\"","context":{},"principal":"Student::\"34\"","resource":"Student::\"34\""},"result":"ALLOW"}
,{"request":{"action":"Action::\"ViewGrades\"","context":{},"principal":"Student::\"56\"","resource":"Student::\"93\""},"result":"DENY"}
,{"request":{"action":"Action::\"ViewGrades\"","context":{},"principal":"Student::\"42\"","resource":"Student::\"42\""},"result":"ALLOW"}
,{"request":{"action":"Action::\"ViewGrades\"","context":{},"principal":"Student::\"44\"","resource":"Student::\"44\""},"result":"ALLOW"}
,{"request":{"action":"Action::\"ViewGrades\"","context":{},"principal":"Student::\"18\"","resource":"Student::\"41\""},"result":"DENY"}
,{"request":{"action":"Action::\"ViewGrades\"","context":{},"principal":"Student::\"34\"","resource":"Student::\"34\""},"result":"ALLOW"}
,{"request":{"action":"Action::\"PostNextAssignment\"","context":{},"principal":"Staff::\"2\"","resource":"Course::\"7\""},"result":"ALLOW"}
,{"request":{"action":"Action::\"PostNextAssignment\"","context":{},"principal":"Student::\"40\"","resource":"Course::\"7\""},"result":"DENY"}
,{"request":{"action":"Action::\"PostNextAssignment\"","context":{},"principal":"Student::\"79\"","resource":"Course::\"7\""},"result":"DENY"}
,{"request":{"action":"Action::\"EditAssignment\"","context":{},"principal":"Student::\"97\"","resource":"Assignment::\"2C7\""},"result":"DENY"}
,{"request":{"action":"Action::\"EditAssignment\"","context":{},"principal":"Student::\"13\"","resource":"Assignment::\"2C7\""},"result":"DENY"}
,{"request":{"action":"Action::\"GradeSubmission\"","context":{},"principal":"Staff::\"2\"","resource":"Assignment::\"2C7\""},"result":"ALLOW"}
,{"request":{"action":"Action::\"ViewGrades\"","context":{},"principal":"Staff::\"2\"","resource":"Assignment::\"2C7\""},"result":"ALLOW"}
,{"request":{"action":"Action::\"ViewGrades\"","context":{},"principal":"Student::\"40\"","resource":"Student::\"40\""},"result":"ALLOW"}
,{"request":{"action":"Action::\"ViewGrades\"","context":{},"principal":"Student::\"31\"","resource":"Student::\"31\""},"result":"ALLOW"}
,{"request":{"action":"Action::\"ViewGrades\"","context":{},"principal":"Student::\"99\"","resource":"Student::\"99\""},"result":"ALLOW"}
,{"request":{"action":"Action::\"ViewGrades\"","context":{},"principal":"Student::\"53\"","resource":"Student::\"53\""},"result":"ALLOW"}
,{"request":{"action":"Action::\"ViewGrades\"","context":{},"principal":"Student::\"79\"","resource":"Student::\"79\""},"result":"ALLOW"}
,{"request":{"action":"Action::\"ViewGrades\"","context":{},"principal":"Student::\"83\"","resource":"Student::\"39\""},"result":"DENY"}
,{"request":{"action":"Action::\"ViewGrades\"","context":{},"principal":"Student::\"8\"","resource":"Student::\"8\""},"result":"ALLOW"}
,{"request":{"action":"Action::\"ViewGrades\"","context":{},"principal":"Student::\"61\"","resource":"Student::\"61\""},"result":"ALLOW"}
,{"request":{"action":"Action::\"ViewGrades\"","context":{},"principal":"Student::\"76\"","resource":"Student::\"76\""},"result":"ALLOW"}
,{"request":{"action":"Action::\"ViewGrades\"","context":{},"principal":"Student::\"23\"","resource":"Student::\"23\""},"result":"ALLOW"}
,{"request":{"action":"Action::\"ViewGrades\"","context":{},"principal":"Student::\"74\"","resource":"Student::\"74\""},"result":"ALLOW"}
,{"request":{"action":"Action::\"ViewGrades\"","context":{},"principal":"Student::\"53\"","resource":"Student::\"53\""},"result":"ALLOW"}
,{"request":{"action":"Action::\"ViewGrades\"","context":{},"principal":"Student::\"96\"","resource":"Student::\"81\""},"result":"DENY"}
,{"request":{"action":"Action::\"ViewGrades\"","context":{},"principal":"Student::\"17\"","resource":"Student::\"17\""},"result":"ALLOW"}
,{"request":{"action":"Action::\"ViewGrades\"","context":{},"principal":"Student::\"74\"","resource":"Student::\"74\""},"result":"ALLOW"}
,{"request":{"action":"Action::\"ViewGrades\"","context":{},"principal":"Student::\"80\"","resource":"Student::\"80\""},"result":"ALLOW"}
,{"request":{"action":"Action::\"ViewGrades\"","context":{},"principal":"Student::\"76\"","resource":"Student::\"76\""},"result":"ALLOW"}
,{"request":{"action":"Action::\"PostNextAssignment\"","context":{},"principal":"Staff::\"2\"","resource":"Course::\"7\""},"result":"ALLOW"}
,{"request":{"action":"Action::\"PostNextAssignment\"","context":{},"principal":"Student::\"40\"","resource":"Course::\"7\""},"result":"DENY"}
,{"request":{"action":"Action::\"PostNextAssignment\"","context":{},"principal":"Student::\"13\"","resource":"Course::\"7\""},"result":"DENY"}
,{"request":{"action":"Action::\"EditAssignment\"","context":{},"principal":"Student::\"67\"","resource":"Assignment::\"3C7\""},"result":"DENY"}
,{"request":{"action":"Action::\"EditAssignment\"","context":{},"principal":"Student::\"79\"","resource":"Assignment::\"3C7\""},"result":"DENY"}
,{"request":{"action":"Action::\"EditAssignment\"","context":{},"principal":"Student::\"79\"","resource":"Assignment::\"3C7\""},"result":"DENY"}
,{"request":{"action":"Action::\"GradeSubmission\"","context":{},"principal":"Staff::\"2\"","resource":"Assignment::\"3C7\""},"result":"ALLOW"}
,{"request":{"action":"Action::\"ViewGrades\"","context":{},"principal":"Student::\"25\"","resource":"Student::\"25\""},"result":"ALLOW"}
,{"request":{"action":"Action::\"ViewGrades\"","context":{},"principal":"Student::\"62\"","resource":"Student::\"51\""},"result":"DENY"}
,{"request":{"action":"Action::\"ViewGrades\"","context":{},"principal":"Student::\"99\"","resource":"Student::\"99\""},"result":"ALLOW"}
,{"request":{"action":"Action::\"ViewGrades\"","context":{},"principal":"Student::\"22\"","resource":"Student::\"22\""},"result":"ALLOW"}
,{"request":{"action":"Action::\"ViewGrades\"","context":{},"principal":"Student::\"68\"","resource":"Student::\"68\""},"result":"ALLOW"}
,{"request":{"action":"Action::\"ViewGrades\"","context":{},"principal":"Student::\"10\"","resource":"Student::\"10\""},"result":"ALLOW"}
,{"request":{"action":"Action::\"ViewGrades\"","context":{},"principal":"Student::\"49\"","resource":"Student::\"49\""},"result":"ALLOW"}
,{"request":{"action":"Action::\"ViewGrades\"","context":{},"principal":"Staff::\"2\"","resource":"Assignment::\"3C7\""},"result":"ALLOW"}
,{"request":{"action":"Action::\"ViewGrades\"","context":{},"principal":"Student::\"7\"","resource":"Student::\"7\""},"result":"ALLOW"}
,{"request":{"action":"Action::\"PostNextAssignment\"","context":{},"principal":"Staff::\"2\"","resource":"Course::\"7\""},"result":"ALLOW"}
,{"request":{"action":"Action::\"PostNextAssignment\"","context":{},"principal":"Student::\"18\"","resource":"Course::\"7\""},"result":"DENY"}
,{"request":{"action":"Action::\"PostNextAssignment\"","context":{},"principal":"Student::\"13\"","resource":"Course::\"7\""},"result":"DENY"}
,{"request":{"action":"Action::\"PostNextAssignment\"","context":{},"principal":"Student::\"13\"","resource":"Course::\"7\""},"result":"DENY"}
,{"request":{"action":"Action::\"PostNextAssignment\"","context":{},"principal":"Student::\"24\"","resource":"Course::\"7\""},"result":"DENY"}
,{"request":{"action":"Action::\"GradeSubmission\"","context":{},"principal":"Student::\"79\"","resource":"Assignment::\"4C7\""},"result":"DENY"}
,{"request":{"action":"Action::\"GradeSubmission\"","context":{},"principal":"Student::\"72\"","resource":"Assignment::\"4C7\""},"result":"DENY"}
,{"request":{"action":"Action::\"GradeSubmission\"","context":{},"principal":"Student::\"18\"","resource":"Assignment::\"4C7\""},"result":"DENY"}
,{"request":{"action":"Action::\"GradeSubmission\"","context":{},"principal":"Student::\"24\"","resource":"Assignment::\"4C7\""},"result":"DENY"}
,{"request":{"action":"Action::\"GradeSubmission\"","context":{},"principal":"Student::\"72\"","resource":"Assignment::\"4C7\""},"result":"DENY"}
,{"request":{"action":"Action::\"GradeSubmission\"","context":{},"principal":"Staff::\"2\"","resource":"Assignment::\"4C7\""},"result":"ALLOW"}
,{"request":{"action":"Action::\"ViewGrades\"","context":{},"principal":"Student::\"94\"","resource":"Student::\"94\""},"result":"ALLOW"}
,{"request":{"action":"Action::\"ViewGrades\"","context":{},"principal":"Student::\"40\"","resource":"Student::\"40\""},"result":"ALLOW"}
,{"request":{"action":"Action::\"ViewGrades\"","context":{},"principal":"Staff::\"2\"","resource":"Assignment::\"4C7\""},"result":"ALLOW"}
,{"request":{"action":"Action::\"ViewGrades\"","context":{},"principal":"Student::\"6\"","resource":"Student::\"35\""},"result":"DENY"}
,{"request":{"action":"Action::\"ViewGrades\"","context":{},"principal":"Student::\"93\"","resource":"Student::\"93\""},"result":"ALLOW"}
,{"request":{"action":"Action::\"ViewGrades\"","context":{},"principal":"Student::\"7\"","resource":"Student::\"59\""},"result":"DENY"}
,{"request":{"action":"Action::\"ViewGrades\"","context":{},"principal":"Student::\"27\"","resource":"Student::\"27\""},"result":"ALLOW"}
,{"request":{"action":"Action::\"PostNextAssignment\"","context":{},"principal":"Staff::\"4\"","resource":"Course::\"8\""},"result":"ALLOW"}
,{"request":{"action":"Action::\"PostNextAssignment\"","context":{},"principal":"Student::\"18\"","resource":"Course::\"8\""},"result":"DENY"}
,{"request":{"action":"Action::\"EditAssignment\"","context":{},"principal":"Staff::\"4\"","resource":"Assignment::\"0C8\""},"result":"ALLOW"}
,{"request":{"action":"Action::\"EditAssignment\"","context":{},"principal":"Student::\"44\"","resource":"Assignment::\"0C8\""},"result":"DENY"}
,{"request":{"action":"Action::\"GradeSubmission\"","context":{},"principal":"Student::\"44\"","resource":"Assignment::\"0C8\""},"result":"DENY"}
,{"request":{"action":"Action::\"GradeSubmission\"","context":{},"principal":"Staff::\"4\"","resource":"Assignment::\"0C8\""},"result":"ALLOW"}
,{"request":{"action":"Action::\"GradeSubmission\"","context":{},"principal":"Student::\"18\"","resource":"Assignment::\"0C8\""},"result":"DENY"}
,{"request":{"action":"Action::\"GradeSubmission\"","context":{},"principal":"Student::\"18\"","resource":"Assignment::\"0C8\""},"result":"DENY"}
,{"request":{"action":"Action::\"ViewGrades\"","context":{},"principal":"Staff::\"13\"","resource":"Assignment::\"0C8\""},"result":"ALLOW"}
,{"request":{"action":"Action::\"ViewGrades\"","context":{},"principal":"Student::\"79\"","resource":"Student::\"79\""},"result":"ALLOW"}
,{"request":{"action":"Action::\"ViewGrades\"","context":{},"principal":"Student::\"74\"","resource":"Student::\"54\""},"result":"DENY"}
,{"request":{"action":"Action::\"ViewGrades\"","context":{},"principal":"Student::\"46\"","resource":"Student::\"90\""},"result":"DENY"}
,{"request":{"action":"Action::\"ViewGrades\"","context":{},"principal":"Student::\"58\"","resource":"Student::\"58\""},"result":"ALLOW"}
,{"request":{"action":"Action::\"ViewGrades\"","context":{},"principal":"Staff::\"4\"","resource":"Assignment::\"0C8\""},"result":"ALLOW"}
,{"request":{"action":"Action::\"ViewGrades\"","context":{},"principal":"Student::\"2\"","resource":"Student::\"2\""},"result":"ALLOW"}
,{"request":{"action":"Action::\"PostNextAssignment\"","context":{},"principal":"Staff::\"4\"","resource":"Course::\"8\""},"result":"ALLOW"}
,{"request":{"action":"Action::\"PostNextAssignment\"","context":{},"principal":"Student::\"18\"","resource":"Course::\"8\""},"result":"DENY"}
,{"request":{"action":"Action::\"EditAssignment\"","context":{},"principal":"Staff::\"4\"","resource":"Assignment::\"1C8\""},"result":"ALLOW"}
,{"request":{"action":"Action::\"EditAssignment\"","context":{},"principal":"Student::\"44\"","resource":"Assignment::\"1C8\""},"result":"DENY"}
,{"request":{"action":"Action::\"GradeSubmission\"","context":{},"principal":"Staff::\"4\"","resource":"Assignment::\"1C8\""},"result":"ALLOW"}
,{"request":{"action":"Action::\"GradeSubmission\"","context":{},"principal":"Student::\"44\"","resource":"Assignment::\"1C8\""},"result":"DENY"}
,{"request":{"action":"Action::\"ViewGrades\"","context":{},"principal":"Student::\"68\"","resource":"Student::\"68\""},"result":"ALLOW"}
,{"request":{"action":"Action::\"ViewGrades\"","context":{},"principal":"Student::\"33\"","resource":"Student::\"90\""},"result":"DENY"}
,{"request":{"action":"Action::\"ViewGrades\"","context":{},"principal":"Student::\"76\"","resource":"Student::\"76\""},"result":"ALLOW"}
,{"request":{"action":"Action::\"ViewGrades\"","context":{},"principal":"Student::\"54\"","resource":"Student::\"54\""},"result":"ALLOW"}
,{"request":{"action":"Action::\"ViewGrades\"","context":{},"principal":"Student::\"0\"","resource":"Student::\"0\""},"result":"ALLOW"}
,{"request":{"action":"Action::\"ViewGrades\"","context":{},"principal":"Student::\"90\"","resource":"Student::\"90\""},"result":"ALLOW"}
,{"request":{"action":"Action::\"ViewGrades\"","context":{},"principal":"Staff::\"4\"","resource":"Assignment::\"1C8\""},"result":"ALLOW"}
,{"request":{"action":"Action::\"ViewGrades\"","context":{},"principal":"Student::\"35\"","resource":"Student::\"35\""},"result":"ALLOW"}
,{"request":{"action":"Action::\"ViewGrades\"","context":{},"principal":"Student::\"66\"","resource":"Student::\"66\""},"result":"ALLOW"}
,{"request":{"action":"Action::\"ViewGrades\"","context":{},"principal":"Student::\"51\"","resource":"Student::\"46\""},"result":"DENY"}
,{"request":{"action":"Action::\"ViewGrades\"","context":{},"principal":"Student::\"60\"","resource":"Student::\"60\""},"result":"ALLOW"}
,{"request":{"action":"Action::\"ViewGrades\"","context":{},"principal":"Staff::\"13\"","resource":"Assignment::\"1C8\""},"result":"ALLOW"}
,{"request":{"action":"Action::\"ViewGrades\"","context":{},"principal":"Student::\"31\"","resource":"Student::\"45\""},"result":"DENY"}
,{"request":{"action":"Action::\"PostNextAssignment\"","context":{},"principal":"Staff::\"4\"","resource":"Course::\"8\""},"result":"ALLOW"}
,{"request":{"action":"Action::\"PostNextAssignment\"","context":{},"principal":"Student::\"18\"","resource":"Course::\"8\""},"result":"DENY"}
,{"request":{"action":"Action::\"PostNextAssignment\"","context":{},"principal":"Student::\"18\"","resource":"Course::\"8\""},"result":"DENY"}
,{"request":{"action":"Action::\"PostNextAssignment\"","context":{},"principal":"Student::\"44\"","resource":"Course::\"8\""},"result":"DENY"}
,{"request":{"action":"Action::\"PostNextAssignment\"","context":{},"principal":"Student::\"44\"","resource":"Course::\"8\""},"result":"DENY"}
,{"request":{"action":"Action::\"EditAssignment\"","context":{},"principal":"Student::\"18\"","resource":"Assignment::\"2C8\""},"result":"DENY"}
,{"request":{"action":"Action::\"EditAssignment\"","context":{},"principal":"Student::\"44\"","resource":"Assignment::\"2C8\""},"result":"DENY"}
,{"request":{"action":"Action::\"EditAssignment\"","context":{},"principal":"Staff::\"4\"","resource":"Assignment::\"2C8\""},"result":"ALLOW"}
,{"request":{"action":"Action::\"GradeSubmission\"","context":{},"principal":"Student::\"44\"","resource":"Assignment::\"2C8\""},"result":"DENY"}
,{"request":{"action":"Action::\"GradeSubmission\"","context":{},"principal":"Staff::\"4\"","resource":"Assignment::\"2C8\""},"result":"ALLOW"}
,{"request":{"action":"Action::\"ViewGrades\"","context":{},"principal":"Student::\"92\"","resource":"Student::\"92\""},"result":"ALLOW"}
,{"request":{"action":"Action::\"ViewGrades\"","context":{},"principal":"Staff::\"13\"","resource":"Assignment::\"2C8\""},"result":"ALLOW"}
,{"request":{"action":"Action::\"ViewGrades\"","context":{},"principal":"Student::\"31\"","resource":"Student::\"31\""},"result":"ALLOW"}
,{"request":{"action":"Action::\"ViewGrades\"","context":{},"principal":"Student::\"70\"","resource":"Student::\"70\""},"result":"ALLOW"}
,{"request":{"action":"Action::\"ViewGrades\"","context":{},"principal":"Staff::\"4\"","resource":"Assignment::\"2C8\""},"result":"ALLOW"}
,{"request":{"action":"Action::\"ViewGrades\"","context":{},"principal":"Student::\"2\"","resource":"Student::\"2\""},"result":"ALLOW"}
,{"request":{"action":"Action::\"ViewGrades\"","context":{},"principal":"Student::\"20\"","resource":"Student::\"20\""},"result":"ALLOW"}
,{"request":{"action":"Action::\"ViewGrades\"","context":{},"principal":"Student::\"65\"","resource":"Student::\"65\""},"result":"ALLOW"}
,{"request":{"action":"Action::\"ViewGrades\"","context":{},"principal":"Student::\"37\"","resource":"Student::\"37\""},"result":"ALLOW"}
,{"request":{"action":"Action::\"ViewGrades\"","context":{},"principal":"Student::\"30\"","resource":"Student::\"30\""},"result":"ALLOW"}
,{"request":{"action":"Action::\"ViewGrades\"","context":{},"principal":"Student::\"5\"","resource":"Student::\"5\""},"result":"ALLOW"}
,{"request":{"action":"Action::\"PostNextAssignment\"","context":{},"principal":"Staff::\"4\"","resource":"Course::\"9\""},"result":"ALLOW"}
,{"request":{"action":"Action::\"PostNextAssignment\"","context":{},"principal":"Student::\"60\"","resource":"Course::\"9\""},"result":"DENY"}
,{"request":{"action":"Action::\"PostNextAssignment\"","context":{},"principal":"Student::\"22\"","resource":"Course::\"9\""},"result":"DENY"}
,{"request":{"action":"Action::\"PostNextAssignment\"","context":{},"principal":"Student::\"70\"","resource":"Course::\"9\""},"result":"DENY"}
,{"request":{"action":"Action::\"PostNextAssignment\"","context":{},"principal":"Student::\"89\"","resource":"Course::\"9\""},"result":"DENY"}
,{"request":{"action":"Action::\"PostNextAssignment\"","context":{},"principal":"Student::\"22\"","resource":"Course::\"9\""},"result":"DENY"}
,{"request":{"action":"Action::\"EditAssignment\"","context":{},"principal":"Student::\"23\"","resource":"Assignment::\"0C9\""},"result":"DENY"}
,{"request":{"action":"Action::\"EditAssignment\"","context":{},"principal":"Student::\"84\"","resource":"Assignment::\"0C9\""},"result":"DENY"}
,{"request":{"action":"Action::\"EditAssignment\"","context":{},"principal":"Student::\"89\"","resource":"Assignment::\"0C9\""},"result":"DENY"}
,{"request":{"action":"Action::\"EditAssignment\"","context":{},"principal":"Student::\"22\"","resource":"Assignment::\"0C9\""},"result":"DENY"}
,{"request":{"action":"Action::\"GradeSubmission\"","context":{},"principal":"Staff::\"4\"","resource":"Assignment::\"0C9\""},"result":"ALLOW"}
,{"request":{"action":"Action::\"GradeSubmission\"","context":{},"principal":"Student::\"23\"","resource":"Assignment::\"0C9\""},"result":"DENY"}
,{"request":{"action":"Action::\"GradeSubmission\"","context":{},"principal":"Student::\"22\"","resource":"Assignment::\"0C9\""},"result":"DENY"}
,{"request":{"action":"Action::\"GradeSubmission\"","context":{},"principal":"Student::\"66\"","resource":"Assignment::\"0C9\""},"result":"DENY"}
,{"request":{"action":"Action::\"ViewGrades\"","context":{},"principal":"Student::\"80\"","resource":"Student::\"80\""},"result":"ALLOW"}
,{"request":{"action":"Action::\"ViewGrades\"","context":{},"principal":"Staff::\"4\"","resource":"Assignment::\"0C9\""},"result":"ALLOW"}
,{"request":{"action":"Action::\"ViewGrades\"","context":{},"principal":"Staff::\"14\"","resource":"Assignment::\"0C9\""},"result":"ALLOW"}
,{"request":{"action":"Action::\"ViewGrades\"","context":{},"principal":"Student::\"41\"","resource":"Student::\"41\""},"result":"ALLOW"}
,{"request":{"action":"Action::\"ViewGrades\"","context":{},"principal":"Student::\"22\"","resource":"Student::\"22\""},"result":"ALLOW"}
,{"request":{"action":"Action::\"PostNextAssignment\"","context":{},"principal":"Staff::\"4\"","resource":"Course::\"9\""},"result":"ALLOW"}
,{"request":{"action":"Action::\"PostNextAssignment\"","context":{},"principal":"Student::\"56\"","resource":"Course::\"9\""},"result":"DENY"}
,{"request":{"action":"Action::\"PostNextAssignment\"","context":{},"principal":"Student::\"89\"","resource":"Course::\"9\""},"result":"DENY"}
,{"request":{"action":"Action::\"PostNextAssignment\"","context":{},"principal":"Student::\"86\"","resource":"Course::\"9\""},"result":"DENY"}
,{"request":{"action":"Action::\"PostNextAssignment\"","context":{},"principal":"Student::\"60\"","resource":"Course::\"9\""},"result":"DENY"}
,{"request":{"action":"Action::\"PostNextAssignment\"","context":{},"principal":"Student::\"89\"","resource":"Course::\"9\""},"result":"DENY"}
,{"request":{"action":"Action::\"EditAssignment\"","context":{},"principal":"Staff::\"4\"","resource":"Assignment::\"1C9\""},"result":"ALLOW"}
,{"request":{"action":"Action::\"EditAssignment\"","context":{},"principal":"Student::\"86\"","resource":"Assignment::\"1C9\""},"result":"DENY"}
,{"request":{"action":"Action::\"EditAssignment\"","context":{},"principal":"Student::\"23\"","resource":"Assignment::\"1C9\""},"result":"DENY"}
,{"request":{"action":"Action::\"GradeSubmission\"","context":{},"principal":"Staff::\"4\"","resource":"Assignment::\"1C9\""},"result":"ALLOW"}
,{"request":{"action":"Action::\"GradeSubmission\"","context":{},"principal":"Student::\"89\"","resource":"Assignment::\"1C9\""},"result":"DENY"}
,{"request":{"action":"Action::\"GradeSubmission\"","context":{},"principal":"Student::\"86\"","resource":"Assignment::\"1C9\""},"result":"DENY"}
,{"request":{"action":"Action::\"ViewGrades\"","context":{},"principal":"Student::\"62\"","resource":"Student::\"62\""},"result":"ALLOW"}
,{"request":{"action":"Action::\"ViewGrades\"","context":{},"principal":"Student::\"88\"","resource":"Student::\"19\""},"result":"DENY"}
,{"request":{"action":"Action::\"ViewGrades\"","context":{},"principal":"Staff::\"14\"","resource":"Assignment::\"1C9\""},"result":"ALLOW"}
,{"request":{"action":"Action::\"ViewGrades\"","context":{},"principal":"Student::\"96\"","resource":"Student::\"96\""},"result":"ALLOW"}
,{"request":{"action":"Action::\"ViewGrades\"","context":{},"principal":"Student::\"10\"","resource":"Student::\"10\""},"result":"ALLOW"}
,{"request":{"action":"Action::\"ViewGrades\"","context":{},"principal":"Student::\"99\"","resource":"Student::\"99\""},"result":"ALLOW"}
,{"request":{"action":"Action::\"ViewGrades\"","context":{},"principal":"Student::\"68\"","resource":"Student::\"60\""},"result":"DENY"}
,{"request":{"action":"Action::\"ViewGrades\"","context":{},"principal":"Staff::\"4\"","resource":"Assignment::\"1C9\""},"result":"ALLOW"}
,{"request":{"action":"Action::\"ViewGrades\"","context":{},"principal":"Student::\"33\"","resource":"Student::\"95\""},"result":"DENY"}
,{"request":{"action":"Action::\"ViewGrades\"","context":{},"principal":"Student::\"11\"","resource":"Student::\"82\""},"result":"DENY"}
,{"request":{"action":"Action::\"PostNextAssignment\"","context":{},"principal":"Staff::\"4\"","resource":"Course::\"9\""},"result":"ALLOW"}
,{"request":{"action":"Action::\"PostNextAssignment\"","context":{},"principal":"Student::\"60\"","resource":"Course::\"9\""},"result":"DENY"}
,{"request":{"action":"Action::\"PostNextAssignment\"","context":{},"principal":"Student::\"66\"","resource":"Course::\"9\""},"result":"DENY"}
,{"request":{"action":"Action::\"PostNextAssignment\"","context":{},"principal":"Student::\"89\"","resource":"Course::\"9\""},"result":"DENY"}
,{"request":{"action":"Action::\"PostNextAssignment\"","context":{},"principal":"Student::\"89\"","resource":"Course::\"9\""},"result":"DENY"}
,{"request":{"action":"Action::\"EditAssignment\"","context":{},"principal":"Student::\"86\"","resource":"Assignment::\"2C9\""},"result":"DENY"}
,{"request":{"action":"Action::\"EditAssignment\"","context":{},"principal":"Student::\"66\"","resource":"Assignment::\"2C9\""},"result":"DENY"}
,{"request":{"action":"Action::\"EditAssignment\"","context":{},"principal":"Student::\"60\"","resource":"Assignment::\"2C9\""},"result":"DENY"}
,{"request":{"action":"Action::\"GradeSubmission\"","context":{},"principal":"Staff::\"4\"","resource":"Assignment::\"2C9\""},"result":"ALLOW"}
,{"request":{"action":"Action::\"GradeSubmission\"","context":{},"principal":"Student::\"84\"","resource":"Assignment::\"2C9\""},"result":"DENY"}
,{"request":{"action":"Action::\"ViewGrades\"","context":{},"principal":"Staff::\"14\"","resource":"Assignment::\"2C9\""},"result":"ALLOW"}
,{"request":{"action":"Action::\"ViewGrades\"","context":{},"principal":"Student::\"38\"","resource":"Student::\"38\""},"result":"ALLOW"}
,{"request":{"action":"Action::\"ViewGrades\"","context":{},"principal":"Student::\"68\"","resource":"Student::\"68\""},"result":"ALLOW"}
,{"request":{"action":"Action::\"ViewGrades\"","context":{},"principal":"Student::\"17\"","resource":"Student::\"37\""},"result":"DENY"}
,{"request":{"action":"Action::\"ViewGrades\"","context":{},"principal":"Student::\"42\"","resource":"Student::\"42\""},"result":"ALLOW"}
,{"request":{"action":"Action::\"ViewGrades\"","context":{},"principal":"Student::\"12\"","resource":"Student::\"12\""},"result":"ALLOW"}
,{"request":{"action":"Action::\"ViewGrades\"","context":{},"principal":"Student::\"28\"","resource":"Student::\"10\""},"result":"DENY"}
,{"request":{"action":"Action::\"ViewGrades\"","context":{},"principal":"Student::\"47\"","resource":"Student::\"47\""},"result":"ALLOW"}
,{"request":{"action":"Action::\"ViewGrades\"","context":{},"principal":"Student::\"97\"","resource":"Student::\"97\""},"result":"ALLOW"}
,{"request":{"action":"Action::\"ViewGrades\"","context":{},"principal":"Student::\"31\"","resource":"Student::\"31\""},"result":"ALLOW"}
,{"request":{"action":"Action::\"ViewGrades\"","context":{},"principal":"Staff::\"4\"","resource":"Assignment::\"2C9\""},"result":"ALLOW"}
,{"request":{"action":"Action::\"ViewGrades\"","context":{},"principal":"Student::\"41\"","resource":"Student::\"41\""},"result":"ALLOW"}
,{"request":{"action":"Action::\"ViewGrades\"","context":{},"principal":"Student::\"40\"","resource":"Student::\"40\""},"result":"ALLOW"}
,{"request":{"action":"Action::\"ViewGrades\"","context":{},"principal":"Student::\"22\"","resource":"Student::\"22\""},"result":"ALLOW"}]
